{
  "id": "1257443",
  "name": "MQTTX",
  "font_family": "iconfont",
  "css_prefix_text": "icon-",
  "description": "",
  "glyphs": [
    {
      "icon_id": "39719291",
      "name": "save",
      "font_class": "save",
      "unicode": "e802",
      "unicode_decimal": 59394
    },
    {
      "icon_id": "39123757",
      "name": "create new",
      "font_class": "create-new",
      "unicode": "e7fa",
      "unicode_decimal": 59386
    },
    {
      "icon_id": "39123400",
      "name": "x",
      "font_class": "x",
      "unicode": "e801",
      "unicode_decimal": 59393
    },
    {
      "icon_id": "39123307",
      "name": "more",
      "font_class": "more",
      "unicode": "e7e1",
      "unicode_decimal": 59361
    },
    {
      "icon_id": "39123305",
      "name": "new",
      "font_class": "new",
      "unicode": "e7e5",
      "unicode_decimal": 59365
    },
    {
      "icon_id": "39123308",
      "name": "stop timing",
      "font_class": "stop-timing",
      "unicode": "e7ec",
      "unicode_decimal": 59372
    },
    {
      "icon_id": "39123306",
      "name": "stop script",
      "font_class": "stop-script",
      "unicode": "e7f6",
      "unicode_decimal": 59382
    },
    {
      "icon_id": "39114318",
      "name": "script",
      "font_class": "script",
      "unicode": "e7f3",
      "unicode_decimal": 59379
    },
    {
      "icon_id": "39114218",
      "name": "log",
      "font_class": "log",
      "unicode": "e7ed",
      "unicode_decimal": 59373
    },
    {
      "icon_id": "39113445",
      "name": "viewer",
      "font_class": "viewer",
      "unicode": "e7fc",
      "unicode_decimal": 59388
    },
    {
      "icon_id": "39111040",
      "name": "backup",
      "font_class": "backup",
      "unicode": "e7f1",
      "unicode_decimal": 59377
    },
    {
      "icon_id": "39111045",
      "name": "bytes statistics",
      "font_class": "bytes-statistics",
      "unicode": "e7f2",
      "unicode_decimal": 59378
    },
    {
      "icon_id": "39111057",
      "name": "import data",
      "font_class": "import-data",
      "unicode": "e7f4",
      "unicode_decimal": 59380
    },
    {
      "icon_id": "39111042",
      "name": "about",
      "font_class": "about",
      "unicode": "e7f5",
      "unicode_decimal": 59381
    },
    {
      "icon_id": "39111054",
      "name": "edit",
      "font_class": "edit",
      "unicode": "e7f7",
      "unicode_decimal": 59383
    },
    {
      "icon_id": "39111047",
      "name": "copy",
      "font_class": "copy",
      "unicode": "e7f8",
      "unicode_decimal": 59384
    },
    {
      "icon_id": "39111044",
      "name": "connections",
      "font_class": "connections",
      "unicode": "e7f9",
      "unicode_decimal": 59385
    },
    {
      "icon_id": "39111041",
      "name": "refresh",
      "font_class": "refresh",
      "unicode": "e7fb",
      "unicode_decimal": 59387
    },
    {
      "icon_id": "39111043",
      "name": "collapse",
      "font_class": "collapse",
      "unicode": "e7fd",
      "unicode_decimal": 59389
    },
    {
      "icon_id": "39111037",
      "name": "chat",
      "font_class": "chat",
      "unicode": "e7fe",
      "unicode_decimal": 59390
    },
    {
      "icon_id": "39111036",
      "name": "disconnect",
      "font_class": "disconnect",
      "unicode": "e7ff",
      "unicode_decimal": 59391
    },
    {
      "icon_id": "39111038",
      "name": "hide connections",
      "font_class": "hide-connections",
      "unicode": "e800",
      "unicode_decimal": 59392
    },
    {
      "icon_id": "39111055",
      "name": "help",
      "font_class": "help",
      "unicode": "e7e2",
      "unicode_decimal": 59362
    },
    {
      "icon_id": "39111067",
      "name": "timed message",
      "font_class": "timed-message",
      "unicode": "e7e3",
      "unicode_decimal": 59363
    },
    {
      "icon_id": "39111069",
      "name": "use script",
      "font_class": "use-script",
      "unicode": "e7e4",
      "unicode_decimal": 59364
    },
    {
      "icon_id": "39111065",
      "name": "new window",
      "font_class": "new-window",
      "unicode": "e7e6",
      "unicode_decimal": 59366
    },
    {
      "icon_id": "39111060",
      "name": "delete",
      "font_class": "delete",
      "unicode": "e7e7",
      "unicode_decimal": 59367
    },
    {
      "icon_id": "39111066",
      "name": "send",
      "font_class": "send",
      "unicode": "e7e8",
      "unicode_decimal": 59368
    },
    {
      "icon_id": "39111048",
      "name": "clear history",
      "font_class": "clear-history",
      "unicode": "e7e9",
      "unicode_decimal": 59369
    },
    {
      "icon_id": "39111051",
      "name": "export data",
      "font_class": "export-data",
      "unicode": "e7ea",
      "unicode_decimal": 59370
    },
    {
      "icon_id": "39111059",
      "name": "frame",
      "font_class": "frame",
      "unicode": "e7eb",
      "unicode_decimal": 59371
    },
    {
      "icon_id": "39111061",
      "name": "down",
      "font_class": "down",
      "unicode": "e7ee",
      "unicode_decimal": 59374
    },
    {
      "icon_id": "39111063",
      "name": "right",
      "font_class": "right",
      "unicode": "e7ef",
      "unicode_decimal": 59375
    },
    {
      "icon_id": "39111052",
      "name": "left",
      "font_class": "left",
      "unicode": "e7f0",
      "unicode_decimal": 59376
    },
    {
      "icon_id": "39111064",
      "name": "run script",
      "font_class": "run-script",
      "unicode": "e7db",
      "unicode_decimal": 59355
    },
    {
      "icon_id": "39111049",
      "name": "middle",
      "font_class": "middle",
      "unicode": "e7dc",
      "unicode_decimal": 59356
    },
    {
      "icon_id": "39111074",
      "name": "settings",
      "font_class": "settings",
      "unicode": "e7dd",
      "unicode_decimal": 59357
    },
    {
      "icon_id": "39111039",
      "name": "show connections",
      "font_class": "show-connections",
      "unicode": "e7da",
      "unicode_decimal": 59354
    },
    {
      "icon_id": "39111073",
      "name": "website",
      "font_class": "website",
      "unicode": "e7de",
      "unicode_decimal": 59358
    },
    {
      "icon_id": "39111070",
      "name": "search",
      "font_class": "search",
      "unicode": "e7df",
      "unicode_decimal": 59359
    },
    {
      "icon_id": "32933818",
      "name": "mqtt",
      "font_class": "mqtt",
      "unicode": "e79a",
      "unicode_decimal": 59290
    },
    {
      "icon_id": "29692593",
      "name": "github",
      "font_class": "github",
      "unicode": "e75b",
      "unicode_decimal": 59227
    },
    {
      "icon_id": "29237198",
      "name": "faq",
      "font_class": "faq",
      "unicode": "e759",
      "unicode_decimal": 59225
    },
    {
      "icon_id": "3876491",
      "name": "discord",
      "font_class": "discord",
      "unicode": "e66e",
      "unicode_decimal": 58990
    },
    {
      "icon_id": "25711546",
      "name": "cloud-logo",
      "font_class": "cloud-logo",
      "unicode": "e602",
      "unicode_decimal": 58882
    },
    {
      "icon_id": "17686988",
      "name": "language",
      "font_class": "language",
      "unicode": "e61b",
      "unicode_decimal": 58907
    },
    {
      "icon_id": "2591074",
      "name": "youtube",
      "font_class": "youtube",
      "unicode": "e612",
      "unicode_decimal": 58898
    },
    {
      "icon_id": "12294078",
      "name": "linkedin",
      "font_class": "linkedin",
      "unicode": "e601",
      "unicode_decimal": 58881
    },
    {
      "icon_id": "22407905",
      "name": "fold",
      "font_class": "fold",
      "unicode": "e6d9",
      "unicode_decimal": 59097
    },
    {
      "icon_id": "22407906",
      "name": "unfold",
      "font_class": "unfold",
      "unicode": "e6da",
      "unicode_decimal": 59098
    },
    {
      "icon_id": "1878149",
      "name": "qq",
      "font_class": "qq",
      "unicode": "e615",
      "unicode_decimal": 58901
    },
    {
      "icon_id": "1937032",
      "name": "weibo",
      "font_class": "weibo",
      "unicode": "e73a",
      "unicode_decimal": 59194
    },
    {
      "icon_id": "9277879",
      "name": "wechat",
      "font_class": "wechat",
      "unicode": "e70e",
      "unicode_decimal": 59150
    },
    {
      "icon_id": "3876355",
      "name": "slack",
      "font_class": "slack",
      "unicode": "e641",
      "unicode_decimal": 58945
    }
  ]
}
